{"accuracy": [0.6294046640396118, 0.8700618743896484, 0.9071199893951416, 0.9273632764816284, 0.9351447224617004, 0.9419019818305969, 0.9469094276428223, 0.9508357644081116, 0.950522780418396, 0.9555871486663818], "loss": [1.2874411344528198, 0.4034126400947571, 0.2829589247703552, 0.22013214230537415, 0.19555360078811646, 0.17617732286453247, 0.15884597599506378, 0.1501844823360443, 0.1528160721063614, 0.13824599981307983], "val_accuracy": [0.8071363568305969, 0.8869792819023132, 0.8971659541130066, 0.9154905676841736, 0.9116776585578918, 0.9247097373008728, 0.9072957038879395, 0.8990439176559448, 0.9208968877792358, 0.9200432300567627], "val_loss": [0.6004719734191895, 0.35601726174354553, 0.3167908191680908, 0.27475106716156006, 0.27809858322143555, 0.2445927858352661, 0.31165459752082825, 0.35392293334007263, 0.2742313742637634, 0.28258082270622253]}